{
    "model_info": {
        "model_type": "DistilBERT Text-Only Emotion Classifier",
        "backbone": "distilbert-base-uncased",
        "evaluation_date": "2025-08-27 11:11:35",
        "device": "cuda",
        "feature_dimension": 768,
        "total_samples": 1108,
        "num_classes": 5,
        "class_mapping": {
            "0": "anger",
            "1": "joy",
            "2": "melancholy",
            "3": "neutral",
            "4": "surprise"
        },
        "early_stopping": "Stopped at 50% validation accuracy"
    },
    "overall_metrics": {
        "accuracy": 0.5514440433212996,
        "precision_weighted": 0.5534027275893189,
        "recall_weighted": 0.5514440433212996,
        "f1_score_weighted": 0.547832516965288,
        "precision_macro": 0.5035115308120448,
        "recall_macro": 0.48411591732710574,
        "f1_score_macro": 0.4879178554913932,
        "cohen_kappa": 0.3848405229809557
    },
    "per_class_metrics": {
        "anger": {
            "precision": 0.36464088397790057,
            "recall": 0.43137254901960786,
            "f1_score": 0.39520958083832336,
            "support": 153
        },
        "joy": {
            "precision": 0.6090909090909091,
            "recall": 0.4110429447852761,
            "f1_score": 0.4908424908424908,
            "support": 163
        },
        "melancholy": {
            "precision": 0.42857142857142855,
            "recall": 0.3468208092485549,
            "f1_score": 0.38338658146964855,
            "support": 173
        },
        "neutral": {
            "precision": 0.6792079207920793,
            "recall": 0.7313432835820896,
            "f1_score": 0.704312114989733,
            "support": 469
        },
        "surprise": {
            "precision": 0.436046511627907,
            "recall": 0.5,
            "f1_score": 0.4658385093167702,
            "support": 150
        }
    },
    "confusion_matrix": {
        "matrix": [
            [
                66,
                8,
                17,
                45,
                17
            ],
            [
                28,
                67,
                12,
                46,
                10
            ],
            [
                36,
                13,
                60,
                49,
                15
            ],
            [
                20,
                11,
                40,
                343,
                55
            ],
            [
                31,
                11,
                11,
                22,
                75
            ]
        ],
        "class_order": [
            "anger",
            "joy",
            "melancholy",
            "neutral",
            "surprise"
        ]
    }
}