{
    "model_info": {
        "model_type": "Audio-Only Emotion Classifier",
        "model_path": "best_audio_only_model.pth",
        "evaluation_date": "2025-08-27 10:44:56",
        "device": "cuda",
        "total_samples": 1108,
        "num_classes": 5,
        "class_mapping": {
            "0": "anger",
            "1": "joy",
            "2": "melancholy",
            "3": "neutral",
            "4": "surprise"
        }
    },
    "overall_metrics": {
        "accuracy": 0.38176895306859204,
        "precision_weighted": 0.35743299259465744,
        "recall_weighted": 0.38176895306859204,
        "f1_score_weighted": 0.36631111666906807,
        "precision_macro": 0.2939820219626809,
        "recall_macro": 0.3023269305999746,
        "f1_score_macro": 0.29437611375796824,
        "cohen_kappa": 0.14457994274508046
    },
    "per_class_metrics": {
        "anger": {
            "precision": 0.3284313725490196,
            "recall": 0.43790849673202614,
            "f1_score": 0.3753501400560224,
            "support": 153
        },
        "joy": {
            "precision": 0.17424242424242425,
            "recall": 0.1411042944785276,
            "f1_score": 0.15593220338983052,
            "support": 163
        },
        "melancholy": {
            "precision": 0.16393442622950818,
            "recall": 0.11560693641618497,
            "f1_score": 0.13559322033898305,
            "support": 173
        },
        "neutral": {
            "precision": 0.5283018867924528,
            "recall": 0.5970149253731343,
            "f1_score": 0.5605605605605606,
            "support": 469
        },
        "surprise": {
            "precision": 0.275,
            "recall": 0.22,
            "f1_score": 0.24444444444444444,
            "support": 150
        }
    },
    "confusion_matrix": {
        "matrix": [
            [
                67,
                19,
                20,
                35,
                12
            ],
            [
                31,
                23,
                19,
                75,
                15
            ],
            [
                25,
                23,
                20,
                86,
                19
            ],
            [
                49,
                44,
                55,
                280,
                41
            ],
            [
                32,
                23,
                8,
                54,
                33
            ]
        ],
        "class_order": [
            "anger",
            "joy",
            "melancholy",
            "neutral",
            "surprise"
        ]
    },
    "detailed_stats": {
        "total_predictions": 1108,
        "correct_predictions": 423,
        "class_distribution": {
            "anger": 153,
            "joy": 163,
            "melancholy": 173,
            "neutral": 469,
            "surprise": 150
        }
    }
}