{
    "model_info": {
        "model_type": "DINOv2 Vision-Only Emotion Classifier",
        "backbone": "vit_base_patch14_dinov2.lvd142m",
        "evaluation_date": "2025-08-27 11:04:03",
        "device": "cuda",
        "feature_dimension": 394752,
        "total_samples": 1108,
        "num_classes": 5,
        "class_mapping": {
            "0": "anger",
            "1": "joy",
            "2": "melancholy",
            "3": "neutral",
            "4": "surprise"
        }
    },
    "overall_metrics": {
        "accuracy": 0.29422382671480146,
        "precision_weighted": 0.24460712280453162,
        "recall_weighted": 0.29422382671480146,
        "f1_score_weighted": 0.24256543255736188,
        "precision_macro": 0.18023269291214836,
        "recall_macro": 0.18689480722353327,
        "f1_score_macro": 0.15098871137549078,
        "cohen_kappa": -0.022019655857360432
    },
    "per_class_metrics": {
        "anger": {
            "precision": 0.07142857142857142,
            "recall": 0.006535947712418301,
            "f1_score": 0.011976047904191617,
            "support": 153
        },
        "joy": {
            "precision": 0.14285714285714285,
            "recall": 0.012269938650306749,
            "f1_score": 0.022598870056497175,
            "support": 163
        },
        "melancholy": {
            "precision": 0.13861386138613863,
            "recall": 0.3236994219653179,
            "f1_score": 0.19410745233968804,
            "support": 173
        },
        "neutral": {
            "precision": 0.409375,
            "recall": 0.55863539445629,
            "f1_score": 0.47249774571686204,
            "support": 469
        },
        "surprise": {
            "precision": 0.1388888888888889,
            "recall": 0.03333333333333333,
            "f1_score": 0.053763440860215055,
            "support": 150
        }
    },
    "confusion_matrix": {
        "matrix": [
            [
                1,
                3,
                52,
                93,
                4
            ],
            [
                2,
                2,
                59,
                95,
                5
            ],
            [
                2,
                1,
                56,
                106,
                8
            ],
            [
                6,
                7,
                180,
                262,
                14
            ],
            [
                3,
                1,
                57,
                84,
                5
            ]
        ],
        "class_order": [
            "anger",
            "joy",
            "melancholy",
            "neutral",
            "surprise"
        ]
    }
}