{
    "model_info": {
        "model_path": "best_trimodal_model.pth",
        "evaluation_date": "2025-08-27 10:27:30",
        "device": "cuda",
        "total_samples": 1108,
        "num_classes": 5,
        "class_mapping": {
            "0": "anger",
            "1": "joy",
            "2": "melancholy",
            "3": "neutral",
            "4": "surprise"
        }
    },
    "overall_metrics": {
        "accuracy": 0.6010830324909747,
        "precision_weighted": 0.6048934654101795,
        "recall_weighted": 0.6010830324909747,
        "f1_score_weighted": 0.6018839965631458,
        "precision_macro": 0.5505935128128121,
        "recall_macro": 0.5538879085306587,
        "f1_score_macro": 0.5507754949586801,
        "cohen_kappa": 0.4617510872444275
    },
    "per_class_metrics": {
        "anger": {
            "precision": 0.5,
            "recall": 0.4117647058823529,
            "f1_score": 0.45161290322580644,
            "support": 153
        },
        "joy": {
            "precision": 0.5111111111111111,
            "recall": 0.5644171779141104,
            "f1_score": 0.5364431486880467,
            "support": 163
        },
        "melancholy": {
            "precision": 0.45263157894736844,
            "recall": 0.49710982658959535,
            "f1_score": 0.4738292011019284,
            "support": 173
        },
        "neutral": {
            "precision": 0.7483443708609272,
            "recall": 0.7228144989339019,
            "f1_score": 0.735357917570499,
            "support": 469
        },
        "surprise": {
            "precision": 0.5408805031446541,
            "recall": 0.5733333333333334,
            "f1_score": 0.5566343042071198,
            "support": 150
        }
    },
    "confusion_matrix": {
        "matrix": [
            [
                63,
                21,
                16,
                34,
                19
            ],
            [
                13,
                92,
                12,
                34,
                12
            ],
            [
                20,
                21,
                86,
                34,
                12
            ],
            [
                12,
                29,
                59,
                339,
                30
            ],
            [
                18,
                17,
                17,
                12,
                86
            ]
        ],
        "class_order": [
            "anger",
            "joy",
            "melancholy",
            "neutral",
            "surprise"
        ]
    },
    "detailed_stats": {
        "total_predictions": 1108,
        "correct_predictions": 666,
        "class_distribution": {
            "anger": 153,
            "joy": 163,
            "melancholy": 173,
            "neutral": 469,
            "surprise": 150
        }
    }
}